<?xml version="1.0" encoding="UTF-8"?>
<!DOCTYPE hibernate-configuration PUBLIC
"-//Hibernate/Hibernate Configuration DTD 5.3//EN"
"http://www.hibernate.org/dtd/hibernate-configuration-5.3.dtd">
<hibernate-configuration>
	<session-factory>
		<property name="hibernate.hbm2ddl.auto"> update </property>
		<property name="connection.driver_class">org.mariadb.jdbc.Driver</property>   
		<property name="connection.url">jdbc:mariadb://localhost:3306/test</property>
		<property name="connection.username">root</property>
		<property name="connection.password"></property>
		<property name="dialect">org.hibernate.dialect.MariaDB53Dialect</property>
		<property name="hibernate.show_sql" >true </property>
		<property name="hibernate.format_sql" >true </property>

		<mapping class="jpa.entitymodels.Student"/>
		<mapping class="jpa.entitymodels.Course"/>
	</session-factory>
</hibernate-configuration>